Gene,MWD_Normal,MWD_Tumor,Difference,SD_Difference,SD_Normal,SD_Tumor,CV_Normal,CV_Tumor,Gene_Name
PRKCB,0.0,1.6334963366763469,1.6334963366763469,0.26619768153434653,0.0,0.26619768153434653,,0.1629619091010485,protein kinase C beta
MSH2,0.18809068421169012,1.5026372167980258,1.3145465325863357,0.5223499552422489,0.08124715280488663,0.49644986618606657,0.4319573462418029,0.33038571162502756,mutS homolog 2
SPI1,0.012226706854473324,1.3129807923205745,1.3007540854661013,0.4536296385670178,0.041046252144216,0.44874130643194804,3.3570979195594775,0.3417729406679579,Spi-1 proto-oncogene
PIK3CD,0.0,1.287251104922922,1.287251104922922,0.2496680826311255,0.0,0.2496680826311255,,0.19395445199176978,"phosphatidylinositol-4,5-bisphosphate 3-kinase catalytic subunit delta"
GNAQ,1.8621796902655592,0.6254401867784495,-1.2367395034871098,0.7435798012456285,0.6352593473556793,0.29931384475424705,0.3411375124948802,0.4785650987602327,G protein subunit alpha q
CDH1,0.0030258974556459156,1.217505417215206,1.2144795197595601,0.4431715513261986,0.01753089234543906,0.4473064397032462,5.793617464705813,0.36739585169679817,cadherin 1
MSH6,0.30766425857419066,1.5164755795190594,1.2088113209448688,0.5056982255479834,0.09659650270466187,0.4771986567779489,0.3139672549301609,0.314676123521415,mutS homolog 6
JUP,0.21067086814789696,1.3984284653156416,1.1877575971677445,0.4773466265257919,0.11608546711600695,0.44804830997683714,0.551027620176282,0.32039415750573086,junction plakoglobin
NFKB1,0.002132696163206641,1.1793267383902302,1.1771940422270235,0.5525378718922747,0.009319198202640933,0.552789343804907,4.369679264874252,0.46873298621165765,nuclear factor kappa B subunit 1
LAMB3,0.0,1.155107561923178,1.155107561923178,0.2545115025518774,0.0,0.2545115025518774,,0.22033576001193558,laminin subunit beta 3
LAMC2,0.0,1.1519464418889782,1.1519464418889782,0.2399867576012976,0.0,0.2399867576012976,,0.2083315238230728,
GNAI2,0.12584550378128637,1.2451880265759387,1.1193425227946523,0.3788788874263196,0.09505132361843742,0.3434987888135471,0.7553017053643187,0.2758609796129441,
HDAC2,0.02289574469026735,1.1396294912630502,1.116733746572783,0.6217925134102016,0.04375802722733887,0.6201884939599596,1.911186022524953,0.5442018644784326,
FN1,0.0,1.0810561822134461,1.0810561822134461,0.5590541771189642,0.0,0.5590541771189642,,0.5171370242518841,
RAC2,0.0,1.0799923564962723,1.0799923564962723,0.35867434753558314,0.0,0.35867434753558314,,0.33210822778338905,
KEAP1,0.00013435735278899066,1.0761840701298915,1.0760497127771025,0.4918358520639881,0.0013368387810794777,0.49174726539148755,9.949874371066198,0.4569360196273259,
APAF1,0.0,1.0664420091066624,1.0664420091066624,0.42794163977991684,0.0,0.42794163977991684,,0.401279803426344,
STK4,0.0,1.0562068430665434,1.0562068430665434,0.3123917018638348,0.0,0.3123917018638348,,0.2957675420439909,
STAT5A,0.0190626032541874,1.0732411866486888,1.0541785833945014,0.3336037031864595,0.053185333996143974,0.32942512897063636,2.790035195453222,0.3069441734707385,
ETS1,0.0,1.025761195386294,1.025761195386294,0.30878093803796963,0.0,0.30878093803796963,,0.30102614470776995,
PLCB2,0.01562388806087079,1.0168337587022664,1.0012098706413957,0.3069302607729107,0.04295236013389706,0.3017152230117175,2.749146689131049,0.29672030499536267,
PLCG2,0.0,0.9639182694932349,0.9639182694932349,0.2925994855923137,0.0,0.2925994855923137,,0.3035521733042194,
RASSF5,0.0,0.9442078060661149,0.9442078060661149,0.3181063013506127,0.0,0.3181063013506127,,0.33690285052392205,
MMP2,0.0,0.9354134573870623,0.9354134573870623,0.3684641645882337,0.0,0.3684641645882337,,0.39390513540128375,
CDK2,0.014104355769649262,0.9485094414319682,0.934405085662319,0.6187709562375524,0.03521519990996975,0.611141596477967,2.4967606096372212,0.6443178842324692,
PDGFRB,0.16401571050922598,1.0689484258444157,0.9049327153351898,0.3741434450227776,0.13766943929088585,0.3812094039011771,0.8393673926934082,0.3566209507255139,
JAG1,0.0029216405893474086,0.9015560166540962,0.8986343760647488,0.36042830121918307,0.011926013011004731,0.359156371603589,4.0819576009753415,0.39837388356245423,
ITGA2,4.823113833588552e-06,0.8868534939191177,0.8868486708052842,0.40346241458704313,4.798937672155757e-05,0.4034605358578457,9.949874371066198,0.45493482139299307,
CUL1,0.08154662924780447,0.9633397969309627,0.8817931676831583,0.5344738122357349,0.07242606907316787,0.5165569710978865,0.8881552768181138,0.5362147113028543,
FZD6,0.0009099598864067817,0.8745250018829586,0.8736150419965518,0.35459682733313724,0.0053660008238837,0.354426780266231,5.896964145389727,0.4052791852755577,
PRKACB,0.00636195244768328,0.8753689004795114,0.8690069480318282,0.5169376718876901,0.023172484707058873,0.5151663895690813,3.6423542768693893,0.5885134704772838,
RASGRP4,0.009916263786336253,0.8766558963330284,0.8667396325466922,0.29340462655397953,0.02429128076596028,0.2891750436473383,2.449640438108509,0.3298615167672186,
GNA11,1.373241136748195,0.5078048322189611,-0.8654363045292338,0.6660595931375842,0.5817092859602337,0.26311939179867844,0.4236031607221647,0.5181506261941666,
WNT5A,0.010547504803692553,0.8675132987751253,0.8569657939714327,0.4840377874078056,0.022108241180491425,0.4813974650676727,2.0960636275559312,0.5549165249078901,
JAK2,0.23956935409036428,1.0900419298609356,0.8504725757705713,0.3924780707701234,0.09897661956420781,0.3911121535889212,0.41314390957899544,0.3588046871176948,
FAS,0.011912158637433157,0.8288526515360221,0.8169404928985889,0.3659362773883524,0.029433850943338568,0.36445442680681445,2.4709082408325784,0.4397095504628125,
ITGAV,0.0009554001461306672,0.8166506279376283,0.8156952277914976,0.34441185390879125,0.0052068061689752206,0.3439238556465438,5.449869554722783,0.42113952268069643,
PLD1,0.0007452985555947353,0.8122589268631338,0.8115136283075391,0.4340973511360964,0.004986273048173356,0.43427555323599243,6.690302846748974,0.534651622621278,
GSTM3,0.0,0.7921683165477701,0.7921683165477701,0.372601916668902,0.0,0.372601916668902,,0.47035700480004367,
GSTA4,0.0,0.7900632453129927,0.7900632453129927,0.4474843957984887,0.0,0.4474843957984887,,0.5663906003135389,
DAPK3,0.00911825458266059,0.7868009985547902,0.7776827439721297,0.30618647574500546,0.03395234681347006,0.301876634323243,3.7235576727627633,0.3836759674653887,
GNG11,1.57645904004163,0.8093559176362498,-0.7671031224053803,0.5305993417614717,0.4835944905951739,0.23952231646769057,0.30675994638110193,0.29594188569995666,
STAT4,0.0,0.7658216145709545,0.7658216145709545,0.27551589516633673,0.0,0.27551589516633673,,0.3597651070748275,
HDAC1,0.3055202435354081,1.0530499017030188,0.7475296581676107,0.5327862705980175,0.24686829242977334,0.4674443208965769,0.8080259742302892,0.4438956977638136,
JAK3,0.002573520265189874,0.7335835929513652,0.7310100726861753,0.36595577836974974,0.013779913479561104,0.36766463474874234,5.354499696758527,0.5011898279643198,
PIK3R1,0.0026080980405613218,0.7328079139951363,0.7301998159545751,0.30667652697107733,0.011444950259283887,0.3062135041493533,4.388236209410546,0.4178632603459924,
ITGA2B,1.1802536596301403,0.4570908092195583,-0.723162850410582,0.6935032290244469,0.6904931688523005,0.19828552063486865,0.5850379392754287,0.4337989664973213,
LAMA3,0.0,0.7216141245914633,0.7216141245914633,0.2445365948467333,0.0,0.2445365948467333,,0.3388744572941611,
IGF1R,0.0003591593948312981,0.7159953311226882,0.7156361717278569,0.575404961774717,0.002191865160953393,0.575159527014104,6.102764378425743,0.8033006669362603,
GNB4,0.2757882749298105,0.9841412154447999,0.7083529405149894,0.46432383129958715,0.17861691578452368,0.41883529807510284,0.6476595708428234,0.42558455179199345,
ARHGEF1,0.0,0.7031934646195566,0.7031934646195566,0.3756091150901834,0.0,0.3756091150901834,,0.5341476193801038,
DAPK1,0.3822793444549598,1.0742390288626762,0.6919596844077164,0.37386161580114047,0.20867552538520348,0.37751973798753674,0.5458718301474687,0.3514299218743024,
GSTM2,0.0,0.6895550450009806,0.6895550450009806,0.38519311877866597,0.0,0.38519311877866597,,0.558611124044663,
IKBKG,0.0,0.6868169374471088,0.6868169374471088,0.37832691771464116,0.0,0.37832691771464116,,0.5508409840923234,
ADCY3,0.002132208007873967,0.6861955109620338,0.6840633029541598,0.4302089014604072,0.014518096285316636,0.42788599558469426,6.808949329382121,0.6235628020719718,
RXRB,0.036220727696502926,0.7108350349167116,0.6746143072202087,0.5298609541399752,0.06726812208642997,0.5357049443009761,1.857172021779249,0.7536276604089226,
PML,0.0,0.6599649681596625,0.6599649681596625,0.4050807203875242,0.0,0.4050807203875242,,0.61379124640071,
CTNNA1,0.00013781138956266189,0.6577542837090014,0.6576164723194386,0.21309261954981149,0.0009648669655661103,0.2131810108529948,7.001358658584543,0.3241043291286396,
HSP90AA1,0.15672019711069907,0.8089730357193757,0.6522528386086767,0.6040018462659875,0.11862450382422654,0.606396212478873,0.7569190570915139,0.749587669432811,
TRAF1,0.0,0.6497058221929818,0.6497058221929818,0.18873591799023354,0.0,0.18873591799023354,,0.29049442308087153,
PIK3CA,0.0,0.6484841837157996,0.6484841837157996,0.45120833440478514,0.0,0.45120833440478514,,0.6957892663154429,
MLH1,0.1381658283078988,0.7847972359428133,0.6466314076349144,0.48720803892682024,0.12774434407466692,0.45358808585934907,0.9245726359342059,0.5779685058579911,
ITGA6,0.0003350301194893453,0.6396792656885845,0.6393442355690951,0.3679896560826983,0.002138412898107795,0.36800539950450245,6.382748217883142,0.5752967451717573,
CBL,0.010203363204555777,0.6490482609895832,0.6388448977850275,0.3422906628445103,0.029101085664915306,0.33741672328143174,2.852107200488731,0.519863843047639,
MMP1,0.026585464526849463,0.6576291619561893,0.6310436974293397,0.3226124210110744,0.058565021983752824,0.31225429405114524,2.202896320453842,0.4748181986369202,
GNG7,0.09014032145620295,0.7120012517597399,0.621860930303537,0.31102722149650514,0.10276902224760447,0.2776039776138679,1.1401004632265208,0.3898925415197774,
JAK1,0.5987461438574337,1.2161786262547338,0.6174324823973001,0.4322869908607325,0.16464027506631249,0.3965679570202955,0.2749750904542187,0.32607706504556894,
SMAD2,0.010828083008305513,0.6006258620301624,0.5897977790218569,0.4392302454532641,0.03300070530797065,0.43761763339092785,3.0476960033145266,0.7286027143615594,
CREBBP,0.024631079814307663,0.6118894677259864,0.5872583879116787,0.4735263841397299,0.06985345247816029,0.4654780451568,2.835988231323254,0.7607224338844942,
CALML3,0.013518097904289933,0.6006201035545048,0.5871020056502149,0.29335196218176,0.02993140454033149,0.2953108564908758,2.2141727891194543,0.4916766101287801,
FZD1,0.00028662503164099585,0.5746107934559909,0.5743241684243499,0.32533135264330626,0.002851883056430783,0.3252330011650486,9.9498743710662,0.5660057292153146,
PLCB1,1.5695172897809129,0.9957038870105848,-0.5738134027703281,0.6035403755396996,0.5281814136544171,0.2951370571472025,0.3365247500574812,0.296410470017644,
RALA,0.5790530038426152,0.012319395173721364,-0.5667336086688938,0.4445599293140321,0.4432975488844629,0.03977757560279391,0.7655560819868397,3.2288578328621105,
PTEN,0.03199710896159799,0.5894274181398996,0.5574303091783016,0.4266726951371421,0.059120015865208944,0.4190756525332404,1.847667423208862,0.7109877138999555,
MITF,0.04190536436261093,0.5949042206591654,0.5529988562965544,0.3269076371652989,0.07495225007917222,0.31204748858797865,1.7886075260103595,0.5245339968209067,
GNG2,0.2715243168948409,0.8137035255440037,0.5421792086491628,0.4895517896142382,0.25378150812789924,0.3753668289765459,0.9346548074594243,0.46130662728245325,
FZD7,0.0,0.5382003322019322,0.5382003322019322,0.485092093034449,0.0,0.485092093034449,,0.9013225448037125,
COL4A1,1.3095535253866595,0.7720837757783791,-0.5374697496082804,0.4455981286587177,0.3668879838004553,0.260747955629677,0.2801626483286567,0.3377197705868162,
NCOA3,0.08589153856342228,0.6223616914556949,0.5364701528922726,0.5602429017048305,0.11190647613113198,0.5260667641073832,1.3028812616798136,0.8452749764801891,
STAT1,0.032712503253903555,0.5616082667102339,0.5288957634563304,0.3963041330073586,0.05711415217282354,0.3838707492633213,1.7459425752142084,0.6835204750669783,
EGFR,5.0662472811771415e-05,0.5266442041710211,0.5265935416982093,0.359924103050092,0.0005040852398046827,0.35989435151075,9.949874371066201,0.6833728514628803,
CSF1R,0.0011157132056704988,0.526585045652179,0.5254693324465085,0.2982308881445845,0.009010397559675394,0.2971855978802086,8.075908319343148,0.5643639148774958,
SLC2A1,0.0011488616651572092,0.5258653977164043,0.524716536051247,0.30678233265508287,0.007186690861244914,0.30688042858975645,6.255488436252674,0.5835722029294939,
TXNRD1,0.0,0.5190797385965261,0.5190797385965261,0.3637988956059855,0.0,0.3637988956059855,,0.7008535848261294,
CASP8,0.0,0.5130571550030821,0.5130571550030821,0.3655692442464897,0.0,0.3655692442464897,,0.7125312271384142,
SMAD4,0.0,0.5123788645273017,0.5123788645273017,0.407250628581809,0.0,0.407250628581809,,0.7948232387718033,
MAPK3,1.5188647666693476,1.007550906025952,-0.5113138606433956,0.5322675678955269,0.39991839250988903,0.31197283614524907,0.2633008555375556,0.3096348127716471,
NFKB2,0.005880212922195838,0.5166764783012145,0.5107962653790187,0.3889076729057724,0.013060823534101037,0.3894921245840272,2.221148061628992,0.7538414093566675,
CKS1B,0.4005517875249123,0.904481087950579,0.5039293004256667,0.43842057525816086,0.26208803654481466,0.3518409036386795,0.6543174808039376,0.38899752391274334,
PLCB4,0.01303302722324849,0.5074152612531726,0.4943822340299241,0.3943445450328069,0.02966744832009286,0.39020584632606986,2.276328270624009,0.7690069182435929,
IKBKB,0.0,0.48831195370065006,0.48831195370065006,0.2539755726435465,0.0,0.2539755726435465,,0.5201092676900577,
SOS2,0.13866233009485013,0.6234245213638039,0.48476219126895376,0.41821895590871544,0.14107412928392885,0.37576433590776426,1.017393326561215,0.6027423096636333,
HES1,0.022933745910108792,0.5012854143122492,0.4783516684021404,0.36146678505762764,0.06095785996847352,0.35293292095719725,2.6579984014562736,0.7040558350204787,
RUNX1T1,0.2107019221199687,0.6869558836188312,0.4762539614988625,0.42250302015420665,0.13036762678924116,0.4198434765586875,0.6187301258458047,0.611165122201129,
MMP9,0.017914292423691545,0.4934234864124807,0.47550919398878916,0.21967331488144648,0.036687308954385704,0.20985090603360954,2.047935139535121,0.4252957384727797,
CTBP1,0.0017111070013616585,0.47706470379283067,0.475353596791469,0.3543688216851734,0.011417722861501205,0.3548705296827966,6.672711205328043,0.7438624716132889,
CDKN1B,0.1358599160708284,0.6088634299784812,0.47300351390765283,0.3660551620992887,0.12510024299038552,0.35109476476678675,0.9208031817505798,0.5766396000810812,
NOTCH3,0.0009150660599531199,0.4703669686772522,0.4694519026172991,0.43973466782125015,0.00694025029477252,0.4391452370982626,7.584425429490936,0.9336226103061825,
HSP90AB1,0.502477311210048,0.9694791046060972,0.4670017933960492,0.5607385126188514,0.14266945810872772,0.498839153412963,0.2839321396724485,0.5145434811775991,
WNT7B,0.04549198056570527,0.5122058905153696,0.46671390994966433,0.26815298087898654,0.10020175501188593,0.2505737679868526,2.2026245893418928,0.4892051665683328,
TPR,0.44311693410624564,0.9005009878104783,0.45738405370423263,0.46876533103779544,0.20653200178201628,0.42941521805976524,0.4660891649256996,0.47686257302600654,
FGFR2,0.0,0.45589883631939493,0.45589883631939493,0.34058433125714477,0.0,0.34058433125714477,,0.7470611989422522,
SKP2,0.07007115986059598,0.5235595814008971,0.4534884215403011,0.3756401834910738,0.1250579995802759,0.34287744990060065,1.7847285506487156,0.654896714874662,
GSK3B,0.0,0.45237990008018875,0.45237990008018875,0.33807692885295665,0.0,0.33807692885295665,,0.7473296863831245,
TPM3,0.20964146795430394,0.6484083863715189,0.43876691841721494,0.3875299902247938,0.1500789757756395,0.3915506817141057,0.7158840149333079,0.6038643082721615,
STAT6,0.12052498935709588,0.5487415260333782,0.42821653667628234,0.3856496709169089,0.10712044886657802,0.38268009085987525,0.8887820645160782,0.6973776772939142,
GSTM4,0.0,0.4266078789424601,0.4266078789424601,0.2905568447920381,0.0,0.2905568447920381,,0.6810864476115963,
TGFB1,0.0067394020824039155,0.43247724731671233,0.4257378452343084,0.36551338702687064,0.023600932083972227,0.363569813637578,3.5019326336964713,0.8406680718889428,
ADCY7,0.07749442261133038,0.49484323052284584,0.41734880791151546,0.27634263371479395,0.1268835165568345,0.24997993629039666,1.637324497444323,0.5051699626693299,
ITGB1,0.06884107042253083,0.485472633696472,0.41663156327394113,0.3374533969683754,0.08304003689359249,0.327007822569189,1.2062572005913277,0.6735865214055328,
CAMK2D,0.2916861493651475,0.7068640781918704,0.4151779288267229,0.4423567807610997,0.13902500978890697,0.3872392232732906,0.4766253388839126,0.5478269942134176,
PTGS2,0.0,0.4134377829107572,0.4134377829107572,0.3620850771766127,0.0,0.3620850771766127,,0.8757909705963441,
ELOB,0.1261436378725233,0.537883525105541,0.41173988723301774,0.3519126009296159,0.15373466961493384,0.288018318323876,1.218727097202422,0.5354659603440398,
RB1,0.0003981474373067086,0.4055641491270295,0.4051660016897228,0.35525440160085936,0.0028562580443423496,0.35584474474314726,7.173870221703981,0.87740680607272,
EP300,0.31229195871477955,0.7059006988560781,0.39360874014129854,0.45794936580576834,0.1834692637506361,0.4111819207518698,0.5874927567962166,0.5824925820560822,
ABL1,0.03509675649705677,0.4247148851736291,0.3896181286765723,0.33199195671744547,0.08018729728455512,0.3203393236503522,2.2847495121459347,0.7542455770519869,
KIT,0.13551074885944783,0.520323557412969,0.3848128085535212,0.36830889638386166,0.11240250986925604,0.3495338134009222,0.8294730183052879,0.6717624224795672,
VEGFC,0.0019236013842594312,0.38196491414878514,0.3800413127645257,0.22438524886275915,0.016840992477875922,0.22407253219683645,8.754928446030178,0.5866311901871554,
RALBP1,0.0,0.37901627474914895,0.37901627474914895,0.47309854856613776,0.0,0.47309854856613776,,1.2482275302802155,
TGFBR2,1.5791038154421002,1.2073173102782382,-0.371786505163862,0.41795645763442996,0.3734531108166708,0.2760175466303458,0.23649687067098593,0.22862054927940592,
MET,0.0,0.3716771437967181,0.3716771437967181,0.29854093449358254,0.0,0.29854093449358254,,0.8032265084798003,
IL6ST,1.5990166700994926,1.2314217385590398,-0.36759493154045275,0.43277304495290725,0.3265580679250488,0.29302788675358515,0.20422430486902304,0.23795900102955353,
RPS6KA5,0.0,0.3643440085470986,0.3643440085470986,0.3146810259689276,0.0,0.3146810259689276,,0.8636920563721825,
LAMB2,1.4674256127922922,1.1049011773997408,-0.3625244353925514,0.6250381391709272,0.508471071446811,0.30234811362229425,0.34650551756369197,0.27364267484431154,
FH,0.0,0.35939951012374804,0.35939951012374804,0.35268894787828453,0.0,0.35268894787828453,,0.9813284045847671,
BCL2L1,0.0,0.3579001812037337,0.3579001812037337,0.35880950676046414,0.0,0.35880950676046414,,1.0025407239350148,
PRKCA,0.7610517557936259,1.1157173577615616,0.3546656019679356,0.456986243808265,0.28700129472162483,0.3897746145644751,0.37711140213104094,0.3493488846910754,
MECOM,0.0,0.35109124608792897,0.35109124608792897,0.3960906675968548,0.0,0.3960906675968548,,1.1281701609206627,
MAPK1,0.2711085729158549,0.6218946548949391,0.35078608197908423,0.4391672649411922,0.12993395035397598,0.4288001918482299,0.4792690579884544,0.689506154254807,
ARAF,0.0001946875422041123,0.3463047517019101,0.346110064159706,0.2955428500395884,0.0018961231366642533,0.2954616288073585,9.739314160514386,0.8531838715908928,
CASP3,0.6737888457881743,0.32883555897310524,-0.3449532868150691,0.4594485577668732,0.3299416473293477,0.2741129490530929,0.48968107648530995,0.8335867018430085,
GNA12,0.10789687923446976,0.44589733889319044,0.33800045965872066,0.3880274847625672,0.12487655505939742,0.36630153227771706,1.1573694804279675,0.821492976807068,
CTBP2,0.0,0.3354079038705886,0.3354079038705886,0.308120012594125,0.0,0.308120012594125,,0.9186426707255171,
AKT1,0.0,0.3290032782839751,0.3290032782839751,0.3168060388743163,0.0,0.3168060388743163,,0.962926693395648,
RELA,0.0023035030487415435,0.3278760692345146,0.32557256618577307,0.44018560227511355,0.01172519548942784,0.438868477320043,5.090158441871211,1.3385193934545454,
CDK4,0.0007243378825370776,0.32251567374173434,0.3217913358591973,0.3171338795885125,0.007207070933448028,0.31714030958368017,9.9498743710662,0.9833330141890757,
TRAF4,0.0054935211440162255,0.32284272824956667,0.3173492071055504,0.36607779648490946,0.019466678830051976,0.36311954037748123,3.5435703840433748,1.124756758023614,
MAX,0.04858942081906562,0.3558090083125998,0.3072195874935342,0.39485035421427206,0.07234347300638827,0.3885368811922573,1.4888729230952673,1.0919815747073611,
APPL1,1.329452943874364,1.0226775053000596,-0.30677543857430445,0.5252176837432267,0.32753003630221184,0.3967534592030218,0.24636451994134217,0.3879555941602646,
DDB2,0.0,0.30677124380396453,0.30677124380396453,0.2851572850971248,0.0,0.2851572850971248,,0.9295437263322776,
STAT2,0.20058211921470062,0.5043231148879654,0.30374099567326485,0.42108362612369354,0.15879727980155384,0.3612231015594044,0.7916821321026087,0.7162533124020094,
NCOA1,0.0004576610688531405,0.3037078493622179,0.30325018829336475,0.3455575455933261,0.004553670139616627,0.3455189995323055,9.949874371066203,1.137668981087879,
ELOC,0.07714116295409046,0.3784361917025158,0.30129502874842534,0.3041658494698684,0.13822780672339915,0.23327967027095117,1.7918812917775637,0.6164306569661538,
CTNNB1,0.018512826957685573,0.31316929903490587,0.2946564720772203,0.18375912570411276,0.03714435250644277,0.1761220010044455,2.006411694515534,0.5623859093059276,
E2F3,0.004686867359594733,0.29878252173814124,0.2940956543785465,0.34793591250538003,0.01986036066051912,0.349126768999638,4.237448840932511,1.1684979662418788,
TRAF2,0.003717702026649339,0.2866147234978554,0.28289702147120604,0.30388620987068093,0.02356450610633179,0.3000179888685637,6.338460139466805,1.0467640503849014,
ROCK2,0.9605502139819955,0.6952867049523909,-0.2652635090296046,0.4866905460067823,0.2595250748824818,0.3980416990857159,0.2701837666628705,0.5724857044591,
TGFB3,0.0739383335539357,0.337596988247315,0.2636586546933793,0.26813593618695947,0.08945613439749833,0.2694781298030133,1.2098749065292753,0.7982243301459799,
ARHGEF12,1.0685447510152388,0.8056213137279461,-0.2629234372872927,0.5050473601907899,0.313547839776504,0.40535942880083375,0.2934344485606223,0.5031637344909191,
CUL2,0.0,0.2610303373509957,0.2610303373509957,0.35674042522263333,0.0,0.35674042522263333,,1.3666626984546268,
FOS,0.34154398426566923,0.08242985120068466,-0.25911413306498454,0.3092401004747201,0.31576021890035944,0.11121495162674748,0.9245082140130627,1.3492072350826194,
DVL3,0.042088281862182934,0.30081843079943665,0.2587301489372537,0.270231361421637,0.07398654427426293,0.25765159739939275,1.7578893934546935,0.8565020325206592,
STAT3,0.0,0.2562667629660311,0.2562667629660311,0.4252238350790039,0.0,0.4252238350790039,,1.6593015424921433,
BIRC5,0.3080466912001236,0.562067525378315,0.2540208341781913,0.4171210164834589,0.29276923946823674,0.2634511388800294,0.9504054022707816,0.4687179511086438,
FADD,0.0,0.25382186532423634,0.25382186532423634,0.3284520860090138,0.0,0.3284520860090138,,1.2940259720707812,
GRB2,0.00029059717038517187,0.2534276962478048,0.25313709907741966,0.16540436912613382,0.00195091489151497,0.1654813516688284,6.713468300221681,0.6529726392139028,
RHOA,0.01354857667589335,0.263829699298267,0.2502811226223736,0.2465590469419855,0.026724590502596162,0.24226009509831023,1.9725016982888373,0.9182442148957168,
MTOR,0.07916559946564507,0.3288039317640666,0.24963833229842153,0.2583502900865364,0.09116383768012,0.24365808262411712,1.1515587363130082,0.7410437013841856,
LAMA1,0.0060078637968608625,0.2538991800099485,0.24789131621308763,0.24087960399319586,0.023287935599671017,0.24501175364413014,3.8762422696465046,0.964996238406638,
HIF1A,0.6178456906007945,0.3722003980348192,-0.24564529256597534,0.4040100288564988,0.3687667148832676,0.2557549959424063,0.5968589252838812,0.6871432628572325,
COL4A4,1.0149775584029053,0.7694473459573667,-0.24553021244553852,0.49838695525180354,0.33714107071991173,0.33918494197815474,0.3321660345381551,0.4408163128513126,
WNT2B,0.0,0.24370817279623272,0.24370817279623272,0.2904974941336637,0.0,0.2904974941336637,,1.191989135204555,
COL4A2,0.9824139477797779,0.7389225387849931,-0.24349140899478472,0.46138688419125484,0.3577859527848981,0.30444471659022493,0.36419062819036946,0.41201167999398414,
HMOX1,0.010786679932503542,0.25328076778236436,0.24249408784986082,0.24440345129617144,0.0708568077339464,0.23396236061617473,6.568917236566306,0.9237273033585034,
LEF1,0.01523003922526259,0.25463527050170875,0.23940523127644617,0.2901402294923111,0.03987914911306845,0.29353594932352284,2.618453473640405,1.152770190654138,
ITGA3,0.5416552084131926,0.7780424689171196,0.236387260503927,0.380934081083609,0.1473264395020695,0.36957524241289014,0.2719930265854362,0.475006515938989,
DVL2,0.000151830713916171,0.23501444372797678,0.2348626130140606,0.3062662275516226,0.001510696529135194,0.30614597027097296,9.9498743710662,1.302668744161653,
GNA13,0.0004156572305937463,0.22980927940432486,0.2293936221737311,0.2679530684765402,0.003185077354221148,0.26788495751877284,7.662749784651692,1.1656838149144444,
ZBTB16,1.1611474556039594,0.9328982792896672,-0.2282491763142922,0.612134624182812,0.4716991314408111,0.3014932113103512,0.406235340020154,0.32317908394033684,
FGF2,1.1300829273010442,0.9060143831853595,-0.22406854411568466,0.4535983926817983,0.30022273127119137,0.33000355115646335,0.265664336676785,0.36423654776454983,
LAMA2,0.04597047081366117,0.26890406656229265,0.22293359574863147,0.2767294024725072,0.10649362384187883,0.24203926480681504,2.316565872765258,0.9000952194627585,
LAMB1,0.14221260959610638,0.3624629462983034,0.220250336702197,0.2974665030902816,0.19183569087428343,0.21424371641619608,1.3489358743863151,0.5910775669739098,
BCL2L11,0.05301516547215452,0.2668322741412173,0.21381710866906278,0.3282543268412947,0.15040016968759712,0.2840157491071638,2.8369272895430786,1.0643980381355682,
IFNGR1,0.16588590737828782,0.37563989753333243,0.20975399015504462,0.3103143969236382,0.1608030237650148,0.2478865892377159,0.9693591595958663,0.6599048473431118,
RXRA,0.00044582506903993166,0.2083765891315479,0.207930764062508,0.25586943215458535,0.004435903428419236,0.2555271338278706,9.949874371066201,1.2262756334232758,
COL4A3,0.6021869382994308,0.39426321881277504,-0.20792371948665578,0.32897340503313843,0.23656343718608575,0.2223122653822304,0.3928405319685914,0.5638676264341069,
BAD,7.26446363109408e-05,0.20643335452782816,0.20636070989151722,0.1853907857822624,0.0007228050050256548,0.18545195890556,9.949874371066198,0.8983623762242366,
ARHGEF11,0.0,0.2059525873995492,0.2059525873995492,0.2801891488166193,0.0,0.2801891488166193,,1.3604546189703886,
F2,0.5467582093882373,0.7509913675625884,0.20423315817435117,0.34109817294195943,0.16361533721844904,0.2876935654396476,0.29924623793306504,0.38308504979675534,
CRK,0.8153740640043202,0.6196501923051317,-0.19572387169918848,0.4555558432043763,0.25560767731724227,0.36298288293769804,0.31348517030569656,0.5857867671877618,
WNT2,0.0013638769943751295,0.19410774287449384,0.19274386588011871,0.20583520091024407,0.008043594482036431,0.20701261876593757,5.89759524884549,1.066483055752123,
RALB,0.0,0.19154740143935794,0.19154740143935794,0.1937924281903817,0.0,0.1937924281903817,,1.011720476154486,
SMAD3,0.00022753532791186046,0.1896186041206679,0.18939106879275602,0.19939033673487214,0.002263947927702365,0.19924182265868787,9.949874371066205,1.0507503922552663,
KITLG,0.015838325774800252,0.20267605360980961,0.18683772783500935,0.19742826801542912,0.04111704313340402,0.20311956435374898,2.5960473169975935,1.0021882740266554,
KIF7,0.00951714647762413,0.19560657474341736,0.18608942826579322,0.1955818005518952,0.039500212552067565,0.19264112798737343,4.150426038407306,0.9848397388485852,
FGF1,7.200156508089012e-05,0.1850717181817094,0.1849997166166285,0.2124160705563964,0.0007164065270750036,0.21235212004024204,9.9498743710662,1.1474044879820473,
TGFB2,0.0,0.18004742992420436,0.18004742992420436,0.3002902672287847,0.0,0.3002902672287847,,1.667839787300489,
MAPK9,0.6103431252870402,0.790359986504792,0.18001686121775184,0.41864162547029754,0.21909814559879412,0.3771909323221186,0.3589753640556757,0.4772394083235028,
ZBTB17,5.7196354488478847e-05,0.17875754585457154,0.17870034950008307,0.3085411404746448,0.0005690965416433329,0.308702995611702,9.9498743710662,1.7269368637609726,
PLCB3,0.015457615460067773,0.19415751214421242,0.17869989668414465,0.21336211035287359,0.033082311291016714,0.20757884159772358,2.1401949981534645,1.069125985934257,
BCL2,0.0,0.17861241599650107,0.17861241599650107,0.29666195112894594,0.0,0.29666195112894594,,1.660925694744297,
MSH3,0.0,0.17706232080355314,0.17706232080355314,0.2333876843974775,0.0,0.2333876843974775,,1.3181103881294776,
GLI2,0.047118711174522515,0.2231478490548202,0.1760291378802977,0.3069692103464108,0.12061130580395765,0.2717051118257661,2.559732700608611,1.2176013032463375,
CEBPA,0.0,0.1756337612593565,0.1756337612593565,0.20623417411120568,0.0,0.20623417411120568,,1.1742285346076593,
TFG,0.0,0.17537088994806166,0.17537088994806166,0.3015368938181687,0.0,0.3015368938181687,,1.7194238673674562,
CCDC6,0.0009357965907647246,0.1745555606749965,0.17361976408423177,0.29682262230541206,0.008042215083855149,0.29616720204245744,8.593977754592077,1.6966930236836661,
GNB5,0.03356587167536554,0.20596137234287717,0.17239550066751164,0.2587212039510712,0.06735458073112593,0.24717119616445024,2.006638808089063,1.2000852070113828,
GSTO1,0.0,0.16857047828288763,0.16857047828288763,0.2015602472976592,0.0,0.2015602472976592,,1.1957031228173274,
HSP90B1,0.6096784058839819,0.44169167285356087,-0.16798673303042105,0.44144338180104026,0.22494906001929546,0.3593993957556907,0.3689634696724061,0.813688411723457,
RAC3,0.0007482234752959335,0.1633984134517518,0.16265018997645586,0.22052751918263291,0.007444729580677094,0.2198464138001248,9.949874371066201,1.345462352760487,
XIAP,0.0,0.16169383015649688,0.16169383015649688,0.22220565491084224,0.0,0.22220565491084224,,1.3742370670283364,
ADCY6,0.2507709613766337,0.0919582488751424,-0.1588127125014913,0.34845900416398,0.3408340336423927,0.12509557895277143,1.3591447421637188,1.3603519040757475,
BCR,0.0,0.15749456983547344,0.15749456983547344,0.18577463099746977,0.0,0.18577463099746977,,1.1795621346916219,
VEGFD,1.040909191074736,0.8837108837729651,-0.15719830730177076,0.5590444050704984,0.4205245274464385,0.3057712426701214,0.4039973237360389,0.3460082344631135,
FOXO1,0.00011344854021789719,0.1566881871275113,0.15657473858729343,0.1821194968663534,0.001128798722748929,0.18218090008244223,9.949874371066205,1.1626970955646145,
HGF,0.38650372495578106,0.5417296393270719,0.1552259143712908,0.6130941980341233,0.5231326949336927,0.2965200819193035,1.3534997495652676,0.5473580553717462,
PDGFRA,0.0,0.15459915920396253,0.15459915920396253,0.2724868641820326,0.0,0.2724868641820326,,1.7625378144685828,
GNAI1,0.0027155482010895763,0.1554655861731643,0.15275003797207473,0.2857574217165806,0.011519446687677595,0.2857776465366442,4.242033591248933,1.8382051846402374,
PRKACA,0.23682724821189027,0.38934507743530106,0.15251782922341078,0.39125483085777546,0.1586304991136454,0.3794971845579739,0.669815235836875,0.9747065175648364,
GNB2,0.5510350679996825,0.7033466350238835,0.152311567024201,0.5070499086647001,0.20999979850102385,0.4312763296435102,0.38110060628871784,0.6131774976486031,
FGFR1,0.00025560396758687995,0.1521238912921085,0.1518682873245216,0.1912483133341143,0.0022288833602022054,0.19134471371491663,8.720065581316168,1.2578215827223107,
CASP7,0.0005383562656808706,0.14892642325550934,0.14838806698982845,0.1669221610028542,0.005356577210401001,0.1684524062023677,9.949874371066201,1.1311116088067068,
TXNRD3,0.0,0.14718951337676542,0.14718951337676542,0.14383281599225597,0.0,0.14383281599225597,,0.9771947246274454,
IL7R,0.0855519433488774,0.23160313951903483,0.14605119617015744,0.2638834987839208,0.13295249873926082,0.236645525126968,1.5540558581712849,1.0217716634515601,
MAPK8,0.00021841104905499182,0.14417427663474708,0.1439558655856921,0.21527617374675437,0.002173162499349946,0.21511887373678096,9.949874371066201,1.4920752769356063,
CSF2RA,0.02364796124903855,0.16578781904367987,0.14213985779464133,0.1746312295357455,0.08873375434689838,0.15676077214109052,3.7522792520013124,0.9455506022417063,
PLD2,0.29473834870479204,0.15416260393094633,-0.1405757447738457,0.40844128205896907,0.3642349907579115,0.1580481057721216,1.2357909731072247,1.0252039193818736,
DAPK2,0.7702323587823605,0.9081627526194574,0.13793039383709693,0.47887480198004423,0.21870183050299175,0.5247429240767657,0.28394266744223984,0.577807141465805,
CDK6,0.0,0.13758207802215502,0.13758207802215502,0.2029021291775476,0.0,0.2029021291775476,,1.4747715116272193,
KNG1,0.8350818434117641,0.9708674174870839,0.13578557407531988,0.43390452777837357,0.27404793171564984,0.27811390004327025,0.32816894999897833,0.28645919621354493,
SKP1,0.0,0.13541307284739298,0.13541307284739298,0.20716609032376432,0.0,0.20716609032376432,,1.5298824992859819,
MGST1,0.0,0.1347167450089745,0.1347167450089745,0.15227665884701136,0.0,0.15227665884701136,,1.1303469278215346,
JAG2,0.022779686166776936,0.1532026870528297,0.13042300088605274,0.16482778447268193,0.1225206595871518,0.15630052939479513,5.378505159822712,1.0202205483569435,
RARA,0.014072431738554374,0.1444889510393852,0.1304165193008308,0.17817749996195595,0.046366870664573526,0.16798019404175393,3.2948726649383397,1.162581587265904,
FLT4,0.1993257494612052,0.32857508897381527,0.12924933951261006,0.26038632394649,0.22332271200997553,0.22809223605091394,1.120390680148632,0.6941860284152309,
RUNX1,0.12485953486088602,0.2534757150780994,0.12861618021721338,0.22868554241714242,0.14355475013094554,0.2086489029714796,1.1497299768967508,0.8231514522296227,
MAP2K1,0.0,0.12819804001083399,0.12819804001083399,0.1293220682066642,0.0,0.1293220682066642,,1.0087679046866491,
WNT11,0.0017371859798850813,0.12757309524217114,0.12583590926228605,0.17535195420238278,0.012513725694402978,0.17383466040781614,7.203446170588361,1.3626279120830844,
GNG5,0.12445227736930646,0.24914453613111348,0.12469225876180702,0.26197823325343655,0.12256106417142845,0.23420289638810177,0.9848037075909353,0.9400282262856906,
CDKN2A,0.0,0.12363196885643166,0.12363196885643166,0.22585027225940807,0.0,0.22585027225940807,,1.8267950785583462,
ADCY9,0.4717651591904676,0.34963381567145424,-0.12213134351901334,0.35294196540958184,0.21274209947349298,0.27743131814797356,0.4509491541057227,0.7934910918590086,
CCND1,0.0007882545797962905,0.1228339739140757,0.1220457193342794,0.1957981982271193,0.006979764562722747,0.19527089839153655,8.854708544194612,1.5897140845425355,
TXNRD2,0.008759658075110725,0.12973142876397095,0.12097177068886023,0.15902106306194308,0.034272474550563245,0.1577210990111819,3.912535655694532,1.2157508825261951,
BAX,0.004404350616672314,0.11933586521108569,0.11493151459441338,0.13218705389628416,0.018667489137255126,0.1322662448452175,4.238420317081672,1.108352837692676,
POLK,0.00010318183557809748,0.11090915276741939,0.11080597093184129,0.1439532119593606,0.001026646301378079,0.14387879434826295,9.949874371066203,1.2972670943576867,
AXIN1,0.023553222458214104,0.13390188979761453,0.11034866733940042,0.21433962146511598,0.07568302509254157,0.2020555095753122,3.213276876521301,1.508981761801183,
MAP2K2,0.0,0.10785985126788958,0.10785985126788958,0.14475229711489923,0.0,0.14475229711489923,,1.3420405777807032,
GNAI3,0.0014642974261076702,0.10911343740089602,0.10764913997478835,0.20603444242385968,0.009457649092597645,0.2056574281203017,6.458830647362089,1.8848038611843134,
BIRC2,0.0008519504384815452,0.10702443201581073,0.10617248157732918,0.1435532157691857,0.008476799833266135,0.14383947463200025,9.949874371066196,1.343987273959565,
TP53,0.0,0.10152452592104862,0.10152452592104862,0.12195842599497134,0.0,0.12195842599497134,,1.2012705785970703,
MGST3,0.001270046908641437,0.10195857789450216,0.10068853098586072,0.18339608077689296,0.0077597524489085214,0.18375186149881265,6.10981562658114,1.802220718387648,
STAT5B,0.7935531540676375,0.8928848329838642,0.09933167891622674,0.4685649511429262,0.308187717533576,0.37785165767491186,0.3883643029504083,0.42318073251641874,
BRCA2,0.026230484885769813,0.12189120463725542,0.0956607197514856,0.17389155213017807,0.06112743363893362,0.15684059688667085,2.3303966322062006,1.2867261206698528,
NCOA4,0.0,0.09496275237849167,0.09496275237849167,0.1688399342194637,0.0,0.1688399342194637,,1.7779595682580978,
GNB1,0.7892517954716081,0.8817357282238814,0.09248393275227329,0.4797345757948901,0.29224046797768555,0.46897545952535497,0.3702753286776633,0.5318775734199097,
CDKN2B,0.0,0.09174312394441236,0.09174312394441236,0.13324391649902576,0.0,0.13324391649902576,,1.4523586157776678,
RBX1,0.003127611724515583,0.09424024976927198,0.09111263804475639,0.1704888836639087,0.013630950579454385,0.17259483133137285,4.35826176011845,1.831434357972693,
GSTT2B,0.0027428665971730598,0.09280051706846285,0.09005765047128979,0.10736468462565456,0.015922108435928416,0.10824709246388617,5.804915358384022,1.1664492384673648,
CAMK2G,0.5143115641615502,0.42596896542987994,-0.08834259873167027,0.38883740895674546,0.26734649050462533,0.3141174372356844,0.5198142704422046,0.7374185978987529,
IGF1,0.005626380382380212,0.0917477115244678,0.08612133114208759,0.11294106413818462,0.023502522067677674,0.10882328215790422,4.17720105474544,1.1861144038331966,
CASP9,0.0010487348460894294,0.0868782867272481,0.08582955188115866,0.13086631574468927,0.005462356392604362,0.13035692741869925,5.208519973349458,1.5004546283002922,
LAMC1,0.5431143490845931,0.6281028123635566,0.08498846327896348,0.4873078247336857,0.4129017325437502,0.28489914924514403,0.7602482483471237,0.45358680718697303,
RAF1,0.0030539511453971284,0.08354746692283915,0.08049351577744203,0.10966076171305962,0.017590458794884686,0.10592933759645706,5.759901831238124,1.2678940666661844,
LAMA4,0.7706466565447546,0.8487534936706601,0.07810683712590549,0.493141576649155,0.3827574174018962,0.36338223743110054,0.4966704444265216,0.42813636720310566,
ROCK1,0.49855620256218125,0.4205905151708543,-0.07796568739132698,0.40087878874322935,0.17406253056905802,0.37523066806744415,0.34913321642477907,0.8921519970915563,
DVL1,0.20554397532054497,0.2810764042540123,0.07553242893346734,0.37154822433764595,0.31079588613297116,0.2104046482897511,1.5120651707172943,0.7485674539211971,
ELK1,0.10178496948797056,0.02880933990780473,-0.07297562958016582,0.22301881273672147,0.2188017651781164,0.07105838971644819,2.1496471068252907,2.4665053050103998,
SOS1,0.0,0.07295127718362052,0.07295127718362052,0.14026115445048043,0.0,0.14026115445048043,,1.9226689355614566,
EGLN1,0.3392011095644741,0.4119158234680701,0.07271471390359602,0.3817212036076716,0.22249768925877061,0.3590428859092085,0.6559462306725712,0.87164140208622,
CALML5,0.00013328352678791954,0.07096123300971222,0.0708279494829243,0.11337755447367981,0.0013261543472724356,0.11332388043815363,9.949874371066198,1.5969829670609499,
RASSF1,0.015691623304135843,0.08598625746552761,0.07029463416139177,0.11876034368446886,0.05673163503721047,0.10250652859667964,3.61540893109878,1.1921268772254112,
BAK1,0.0022888056200900163,0.07213383598103956,0.06984503036094955,0.11493975733478283,0.019114585866155605,0.11817062820693242,8.351336478020292,1.6382135595560683,
IL3RA,0.6311118390847489,0.5619769466502543,-0.06913489243449455,0.5382864104760631,0.4449938366930059,0.22908246313094116,0.7050950546868918,0.407636762497858,
JUN,0.08690315962417172,0.02174164125897655,-0.06516151836519517,0.12726655662262254,0.11596260798338205,0.05606727050674451,1.3343888586431507,2.578796597685366,
NOTCH1,0.0,0.06481515949556511,0.06481515949556511,0.10136645485339107,0.0,0.10136645485339107,,1.5639312722871095,
CXCL12,0.524216592985265,0.5879635335604803,0.06374694057521524,0.42771585731126155,0.31310422526028414,0.2526698183752482,0.5972802643984317,0.42973722680584847,
TRAF6,0.0018785039895362033,0.06460370510552085,0.06272520111598465,0.11093214365465373,0.013273958188801208,0.10902763821279265,7.066239019315847,1.687637543925874,
NRAS,0.00198537094586146,0.06216497395688464,0.06017960301102318,0.1243618117773996,0.011661245769398601,0.12434154727918215,5.87358538398412,2.000186590047008,
VEGFA,0.013088472527909602,0.07260202976280843,0.059513557234898824,0.12148084762115818,0.03931077539627525,0.11052242328780866,3.0034654779195757,1.522304867355452,
LAMC3,0.2499742494058037,0.3089566512957294,0.058982401889925706,0.40487271602464275,0.2268205790860886,0.330788041863955,0.9073757782061469,1.0706616623292207,
MGST2,0.0010739728149620222,0.05978519206837217,0.05871121925341015,0.0920948620774986,0.010685894586812444,0.09507819777779182,9.949874371066198,1.5903302220566171,
TRAF5,0.006908192599353198,0.06503702826071567,0.05812883566136247,0.1157076901625319,0.02153494443930354,0.11156202951749278,3.1173051604438213,1.7153617331694662,
BRAF,0.0,0.057341725843968974,0.057341725843968974,0.10233398102058085,0.0,0.10233398102058085,,1.7846337813242505,
PIK3CB,0.0008490977036832318,0.05787984963887698,0.05703075193519375,0.14956306214954168,0.00746871531651496,0.1496210910118566,8.796061141276237,2.5850290203822244,
TRAF3,0.01959043975285359,0.0762148381378322,0.05662439838497861,0.12103986806557084,0.052183743686600156,0.12287184333885584,2.6637351863936054,1.612177449181823,
GLI3,0.0,0.054624271929726805,0.054624271929726805,0.08505868674293565,0.0,0.08505868674293565,,1.5571591847002044,
SP1,0.4179053248087677,0.47196950539393706,0.054064180585169375,0.48972423233498513,0.35783755512561366,0.31842668733282886,0.8562646462792958,0.6746764011099591,
CDC42,0.06686324404256941,0.11794188163013293,0.05107863758756352,0.1868912403794082,0.09146542595072818,0.1529958298966298,1.3679477754997267,1.2972137444476801,
GNG10,0.0,0.04950432984963798,0.04950432984963798,0.07753452258216019,0.0,0.07753452258216019,,1.5662169918805031,
LAMA5,0.6283271588158029,0.6775220047166934,0.049194845900890516,0.45742798954867636,0.2717167474002125,0.4044512310221594,0.4324446963462669,0.5969565980241205,
CCNA2,0.34508418315889616,0.39424602307389,0.04916183991499384,0.4107130138727588,0.3222908344711768,0.22323366629368727,0.9339484398297558,0.5662293421583826,
APC,0.04819934689266196,0.09670192271360464,0.04850257582094268,0.12434390119717113,0.08645529498287519,0.12962587039291482,1.7937026237182778,1.340468387343432,
BMP2,0.4805196070251017,0.43271963408727077,-0.04779997293783095,0.5517476181504269,0.40817962378570655,0.2807377069042503,0.8494546691086089,0.6487750607767228,
RAC1,0.07118808066632618,0.11738324781981739,0.046195167153491215,0.22301923640500265,0.10366083170029901,0.2004331944898625,1.456154327101184,1.707511064930886,
GNAS,0.43579860354717276,0.39029080273374417,-0.04550780081342859,0.4147740270435856,0.22454278084041682,0.31065392844895684,0.5152443789694505,0.7959550321786202,
RPS6KB2,0.010276292219874328,0.054485292936609336,0.04420900071673501,0.10375590808536637,0.03430414430715814,0.09627458750801379,3.3381830307252254,1.7669830209048158,
AGT,1.0374629605671915,1.0773626227584656,0.039899662191274166,0.47058209717307775,0.3545983187624901,0.3014554978234193,0.34179371432077693,0.279808758402604,
MAPK10,0.0023278214998704626,0.04079207647093815,0.03846425497106769,0.06800707776699473,0.013843316264228306,0.06817572677702395,5.946897674498947,1.6712982685643611,
NFKBIA,0.0066391093646264296,0.04225835575469193,0.0356192463900655,0.08886449233668975,0.025338544134785583,0.08496612772135412,3.8165577253164193,2.0106349668354135,
GSTM1,0.0,0.034230680131910544,0.034230680131910544,0.07067038751953614,0.0,0.07067038751953614,,2.0645335484776344,
COL4A5,0.1531353139386509,0.1250318194128187,-0.02810349452583219,0.2378824637042014,0.14609691736799196,0.18071677782112278,0.9540380569991931,1.4453662969139762,
CKS2,0.07847385800480383,0.050503766422266526,-0.027970091582537306,0.21111284028419014,0.16253830733609356,0.1268658207482137,2.071241448663626,2.5120071181914865,
SUFU,0.01002538973654723,0.03766071927989879,0.02763532954335156,0.09947436353861352,0.040015874027899835,0.093769895938815,3.9914532082501766,2.489859400769974,
CDKN1A,0.0,0.024706624642498797,0.024706624642498797,0.05031260467706517,0.0,0.05031260467706517,,2.0364013864735115,
FZD8,0.0019457509735755745,0.02624120178959041,0.024295450816014835,0.07173863643732695,0.011317198795932933,0.07580907449240568,5.816365480283474,2.888933026020107,
IL13RA1,0.010521991447278646,0.03473498821772043,0.024212996770441787,0.1104661307853804,0.07081680423054591,0.08815236196314548,6.730361318518426,2.537854955084556,
LPAR1,0.0014873913581871024,0.023984586968073544,0.02249719560988644,0.06743405515421666,0.008839912868442816,0.06681965347806748,5.943232640007595,2.785941386733602,
GNG12,0.4294998432089415,0.4499284545628324,0.020428611353890902,0.4130780138482676,0.2840602236159551,0.282436089781637,0.6613744524180571,0.6277355586591264,
EML4,0.012694138817998739,0.032634459300896805,0.019940320482898066,0.08598226534186838,0.03501350559994834,0.07380246315897078,2.758241902184295,2.2614887680073394,
CXCR4,0.01607073695705691,0.032833404152140123,0.016762667195083212,0.09955347079749007,0.038754143742219305,0.08895770007181036,2.4114727187543044,2.7093657319115354,
PTK2,0.2223656383533257,0.2056693627583302,-0.016696275594995508,0.26835951164745336,0.15645121424006833,0.2489450561030703,0.7035763951599244,1.2104139029962901,
RPS6KB1,0.07898187901230244,0.09231155803944242,0.013329679027139982,0.30033517553285555,0.1849865506495724,0.2256090965189666,2.3421391458762124,2.4439961940905546,
RAD51,0.007904713284917408,0.02098233204885242,0.013077618763935013,0.060557914656056755,0.04118487231242655,0.0488372494427441,5.210166495350231,2.3275415396648027,
GSTM5,0.6775231584878958,0.6886097132926859,0.01108655480479015,0.3902227774809461,0.2950144647662754,0.25269458354395474,0.43543082043821524,0.36696343177568524,
